label,sentence
1,(모집) 2020 창원축제학교 | 창원문화특화지역조성사업 | 문화역량강화사업 | 예종
1,2020년 창원시 문화특화도시 조성사업의 일환으로 추진하는 문화역량강화사업 '창원축제학교' 참가자를 붙임자료와 같이 모집합니다. □ 사업개요 ○ 사 업 명 : 문화역량강화사업 <2020창원축제학교> ○ 모집인원 : 30명 내외 ○ 교육기간 : 2020년 7월 9일(목) ~ 11월 26일(목) 매주(목)...
1,10. 다문화청소년의 차별경험이 주관적 행복에 미치는 영향과 상호문화역량의 조절효과
1,셋째 청소년들의 상호문화역량을 증진하는 프로그램이 활성화되 는 것이 중요하다. 서론 다문화가족이란 결혼이민자 및 법률 규정에 따라 대한민국 국적을 취득한 자로 이루어 진 가족을 뜻하며(다문화가족지원법 제2조) 다문화청소년은 이 가족의 청소년 연령 자녀를 지칭한다. 초·중...
1,2019 서울 유아 문화예술교육지원사업 역량강화 워크숍_'마음가짐을 다시하게 된...
1,원래는 꿈다락 토요문화학교 사업 정산 교육 받으러 갔던 건데 유아 문화예술교육 역량강화 워크숍을 같이 들어도 된다고 하여서 감사하게 수강하게 되었다. 기대 완전 이상! 소규모로 진행되었기도 하고 강사분께서 3시간 동안 엄~청 열심히 알려주시고 조언주셔서 즐거웠었다. #1. 알차고...
1,"[교육문화역량마일리지] 첫번째 ""세미나"""
1,"오늘은 닥터지의 교육문화에 대해 나누어보도록 하겠습니다. 고운세상人이라면 누구나 역량마일리지라는 프로그램을 통해 자신의 역량을 UP시킬 수 있습니다. 그 중 가장 두렵고 떨리지만 배운 것을 나눌 수 있는 아주 유익한 시간! ""세미나""를 소개하려고 합니다. 시간을 내어 전사직원 또는..."
1,2020년 부평구 예비문화도시 사업 <창작공간 프로젝트 지원 공모사업 역량강화 워크숍>
1,창작공간이 만드는 로컬문화 플랫폼이라는 주제로 역량강화 워크숍이 진행되었어요. 공간 대표자와 프로젝트를 실행하는 구성원이 함께모여 진행되었는데요. 공모사업에 선정된 공간을 중심으로 공공성의 실현과 가치인식 기반 마련에 대한 이야기와 창작 공간의 기획 역량 발전과 예술적 지평...
1,계명문화대학교 글로벌 미래성장 : 바른 인성·창의역량 강화 중점 글로컬 직업교육...
1,CAP은 Convergence(소통역량/문화역량) Altruism(도덕성/감성) Professionalism(전공역량/글로벌역량)을 의미합니다. 2018년 대학기본역량진단 결과 자율개선대학에 지정되면서 2021년까지 3년간 국고보조금을 지원받아 전문대학혁신지원사업을 수행하고 있습니다. 혁신지원사업의 영역을 교육...
1,문화예술 역량강화 워크숍 참여
1,올해 처음으로 토요문화학교 꿈다락 사업에 참여하면서 재단에서 기획한 문화예술 역량강화 워크숍에 참여하게 되었다. 물론 대학에서 대학원 수업과 학부 수업을 진행해봤고 특강 교육기부 등 다양한 형태의 수업도 해봤다. 예술영재교육원에서 5년동안 초등학생을 대상으로 프로그램도...
1,[유튜브 촬영편집교육] 생활문화 SNS 활동역량 강화 프로그램
1,#동대문구청블로그 #동대문구청 #동대문구청SNS #동대문구 #동대문구소식 #유튜브교육 #동대문문화재단 #무료유튜브교육 생활문화 활동역량 강화 프로그램 안내 l 기 간 2020년 9월~11월 l 대 상 지역 문화주체들(지역 예술인 마을활동가 동아리 회원 등) l 방 법 인터넷 접속 및 구글 접수...
1,농촌 문화 체험 연구회 역량 강화 교육 2차
1,#논산 농업기술센터 #농촌문화체험연구회 #역량 강화 교육 2차 #담양 챵평 슬로시티 #한과 쌀 엿 체험 #담양메타세과이어길 #담양 죽녹원 담양군 창평면은 슬로시티(slow city)로 유명합니다. 슬로시티란 느림의 미학이고 그 지역에서 나는 음식을 먹고 그 지역의 문화를 공유하고 자유로운 삶을...
1,책 읽어주는 문화봉사단 역량 강화 교육 실시했어요!
1,책 읽어주는 문화봉사단 역량 강화 교육 (출처 : 아이클릭아트) 책 읽어주는 문화봉사단은 2017년부터 지역 문화 소외계층인 지역아동센터와 노인 요양기관 등 24개 기관을 대상으로 봉사해왔는데요 독서와 미술지도 심리 상담 등 전문 능력이 필요한 봉사이기 때문에 봉사자도 사전에 교육을...
1,청렴문화 확산 & 청렴역량 강화 _ 대구시청
1,이번 시간에는 대구시청에서 진행이 되었던 '청렴문화 확산 & 청렴역량 강화'라는 주제의 청렴강의 이야기를 전해드리도록 하겠습니다. 대구광역시의 슬로건입니다. 슬로건의 의미입니다. '행복한 시민'은 시민의 삶 가까이에서 시민의 삶을 보듬고 살펴 대구시민 모두가 행복할 수 있는 따뜻한...
1,[전국지역문화재단연합회] 2019 지역문화재단 역량강화 지원사업 사업계약직 채용
1,기본 정보2019 지역문화재단 역량강화 지원사업 사업계약직 채용박태준@02-2055-1443010-3839-8877 회사 정보 전국지역문화재단연합회http://www.ancf.or.kr경기도 부천시 장말로 107(상동) 복사골문화센터 518호아니요 구인 기본내역행정문화재단·공공기관경기1명면접후협의2019-09-09 지원...
1,문화마을로의 여정 3: 문화마을사업과 주민역량
1,#시리즈 (완) 문화마을 선정과 주민들의 문화역량키우기 2016년에 선정된 문화관광부의 문화마을 사업은 고모3리에 새로운 경험을 제공하였다. 2017년 첫해는 공동체성장사업에 1억원 나머지 두해 각 2억원 씩을 문화시설이나 문화개발에 총 5억원이 지원되는 사업이었다. 포천시 문화관광과가...
1,계명문화대학교 '교육국제화역량 인증대학' 인증 유지!
1,계명문화대학교의 교육국제화역량 인증 유지 평가는 유학생 눈높이 맞춤식 교육과 체계적인 행정지원 시스템 구축 등을 통해 유학생들의 한국 대학 생활의 만족도를 높이고자 최선을 다한 결과다. 앞으로도 유학생의 양적 확대와 질적 관리를 더욱 강화함으로써 대학의 국제화 역량을...
1,해양문화 역량강화 워크숍
1,조합원 및 관계자 직원들과 한달동안 함께 한 여수의 해양문화 역량강화 워크숍 #우리노리협동조합 #해양문화 #섬섬여수 솔직히... 처음엔 우리지역에 대해 제대로 알고 우리지역의 문화콘텐츠를 만들어보자라는 의미에서 시작되었어요. 좋아하는 언니가 그랬거덩요~ 힘들수록 어려울수록...
1,[청소년 문화도시기획단] 8월의 이야기 #1(역량강화 워크숍)
1,2019년 8월 4일 일요일 세종시청 대회의실 여름방학 맞이 청소년 문화도시기획단-피어남 역량강화 워크숍이 진행되었습니다. 이번 역량강화 워크숍은 넘나들이 강지윤 고유진 선생님들과 함께 하였습니다. 부끄부끄 처음이라서 낯을 가리는 우리 친구들에게 먼저 밝게 다가오시는...
1,"[교육문화역량마일리지] 두번째 ""독서경영"""
1,매달 읽어나가는 책들이 쌓일수록 우리 고운세상人들의 역량과 지식도 UPUP! 책을 사랑하고 배운 것을 내 것으로 익히며 다른 이들과 함께 공유하는 닥터지의 교육문화! 오늘도 한뼘 더 성장하는 고운세상 닥터지가 되어봅시다:) 모두 파이팅!!!
1,구미시 여성농업인 문화프로그램 역량강화 교육 개최
1,- [경북tv뉴스/조홍기 기자] 구미시에서는 지난 8월 14일 농업인회관에서 구미시여성농업인들을 위한 문화복지향상 역량강화 교육을 개최하였다. 이날 교육에는 유익수 선산출장소장 지무근 여성농업인구미시연합회장을 비롯한 단체 회원 및 구미시 여성농업인 50여명이 참석하였으며 이번...
1,놀이문화 활성화 지원단 역량강화 직무연수 in 산청한방가족호텔(주제:아이들의...
1,놀이문화 활성화 지원단 역량강화 직무연수 in 산청한방가족호텔 (주제:아이들의 마음을 얻는 공동체 놀이) 좋았던 것 1. 81분의 선생님들과 함께 웃고 또 웃으면서 신났다. 2. 전날 미리 갔는데 숙소와 식사를 모두 챙겨주어서 편하게 연수를 할 수 있었다. 3. 엄청 환영 받았다. 사진도 엄청 많이...
1,[투데이 신문 칼럼48편]조직의 인성문화와 조직역량 형성
1,집단의 인성5역량은 집단의 인성문화로서 집단으로 하여금 지적특성을 탐색하고 획득하게 하며 집단의 지적특성과 결합에서 주도적 역할을 통해 집단역량을 창출한다. 집단의 지적특성은 집단 공통의 경험 체계적인 일처리방식 관행과 제도 프로세스와 문화 등의 집단의 사회적 파워에...
1,지역역량강화 문화복지 프로그램 기업출강 용인 기흥 동백 수지 분당 수원 천연 공방
1,제가 최근에 영월 남면 면사무소 역량 강화 문화 복지 프로그램으로 강의를 다녀왔어요. 영월 하면 엄청 많이 걸릴거 같지만 2시간 왕복 4시간이면 다녀 올수 있는 거리랍니다. 그래도 운전을 잘 못하는 제게는 참 먼곳인데요. 제가 작년에 이어 이 수업을 또 가게 된 이유는 작년에 어머님들...
1,[한국문화예술위원회] 역량과 식견을 갖춘 예술현장의 '심의 전문가' 모집
1,한국문화예술위원회 역량과 식견을 갖춘 예술현장의 '심의 전문가' 모집 한국문화예술위원회가 문화예술계 해당 분야에 대하여 전문성과 공정성을 지닌 심의 전문가를 모집하고 있습니다. 한국문화예술위원회는 전문성과 공정성을 지닌 예술 현장의 인사를 모시기 위하여 연중 상시 본인이 직접...
1,주민자치 역량 강화를 위한 비대면 문화강좌
1,최환봉 자치행정과장은 “코로나19 지역감염 확산을 방지하고 주민 누구나 집에서 쉽게 배울 수 있도록 이번 온라인 자치회관 문화강좌를 마련했다”며 “주민자치 활성화와 역량 강화를 위해 많은 주민의 관심과 참여를 바란다”고 말했다.
1,청렴역량 강화 & 청렴문화 확산 _ 한국고전번역원
1,'청렴역량 강화 & 청렴문화 확산'이라는 주제를 가지고 한국고전번역원에서 진행이 되었던 청렴강의 이야기를 전해드립니다. 한국고전번역원은 고전문헌을 수집 정리 번역함으로써 한국학 연구의 기반을 구축하고 전통문화를 계승 발전시키는데 이바지함을 목적으로 설립된 단체입니다. 1965년...
1,익산시창조적마을만들기사업 웃음치료소통 주민공동체문화프로그램 지역역량강화교육...
1,주민공동체문화프로그램 주민역량강화교육 웃음치료코칭 웃음소통교육을 마치며... 행복한 마을에서 주민모두가 건강하고 행복한 삶을 누리시길 바랍니다 감사합니다 http://kwh2219.blog.me/221350722992 익산시 고산마을 창조적마을만들기사업 지역역량강화 주민공동체문화프로그램...
1,인재관리 역량강화 조직문화- 성과경영연구소 정상진 대표
1,인재관리 역량강화 조직문화- 성과경영연구소 정상진 대표 강연소개 성과경영연구소 정상진 대표님께서는 관리자의 위기의식을 제고하여 능동적이고 주도적인 리더십을 발휘하도록 동기를 부여하며 급변하는 시대에 걸맞는 리더가 되기 위해 함양해야 할 가치와 덕목에 대한 강연을...
1,계명문화대학교 교수법 역량강화를 위한 초청 특강 실시
1,계명문화대학교입니다. 여러분 오늘은 바로 크리스마스이브입니다! 아주 설레는 화요일인데요:) 학교는 학생들이 모두 방학을 해 캠퍼스가 아주 조용하답니다. 그래서 오늘은 지난주에 열렸던 아주 특별한 초청 특강에 대해 전해드리겠습니다. 교수법 역량강화를 위한 초청 특강 실시...
1,[역량 강화] 전 세계에서 유일하게 한국에만 있는 스타벅스 문화를 알고 있니?
1,오늘의 역량 강화 주제는?! 전 세계에서 유일하게 한국에만 있는 스타벅스 문화를 알고 있니?입니다! 전 세계에 카페 중 No.1이 스타벅스인데 우리나라만 가지고 있는 스타벅스 문화가 있다는 소리인데요?! 과연 어떤 문화인지 영상부터 보고 오도록 하겠습니다~ 영상은 잘 보셨나요? 영상에서 본...
1,지역주민이 문화주인이 되는 공간의 시작 생활문화센터 <운영자 역량 강화교육> 현장!
1,<생활문화센터 운영자 역량 강화교육>에 다녀오다! 글. 문화나르미 정안진 지역문화가 시작되는 공간 생활문화센터에 대해 여러분은 얼마큼 알고 계신가요? 지역문화 활성화를 위해 만들어진 지역주민들을 위한 복합문화커뮤니티센터인 생활문화센터. 이 생활문화센터가 ‘시설’ 위주에서...
1,[고양문화재단] 2019 고양문화재단 교사 역량강화 직무연수 안내
1,고양문화재단에서는 문화예술교육의 매개자인 교사들의 문화예술교육에 대한 인식의 범위 확장 및 전문성 신장을 위하여 2019 고양문화재단 교사 역량강화 직무연수를 시행한다. 이번 연수는 경기지역 초등학교 및 중고등학교 교원 및 교육전문직을 대상으로 7월 29일(월)부터 8월 2일...
1,문화예술 종사자 업무 역량 강화를 위한 ~ 2019 예술경영 아카데미
1,11월 28일 대구문화재단 문화예술 종사자 업무 역량 강화를 위한 ~ 2019 예술경영 아카데미 https://www.rtbpalliance.com/ 김철우 대표 (RTBP Alliance) 지역문화 정의와 정책 삼위일체 1. 플랫폼 135 - 일 2. 끄티 - 여가 3. 비탈 -주거 봉산마을 빈집 프로젝트 프론트 센터 ( F&B카페/ 올라서당/비탈...
1,<2020 문화공동체 역량강화 지원사업> 심사 결과발표
1,2020년 문화공동체 역량강화 지원사업 <교부금 전환 대상 문화공동체> 심사 결과를 발표합니다. 순위 사업명 문화공동체명 지원대상 비 고 1 뻘장(갯벌팜팜스테이션 플리마켓) 갯벌팜팜스테이션 ○ 2 호랑나비야 돌아와 (가)에코25시 ○ 3 고창TV 고창이 좋다-유튜브 채널 구축 고창Q ○ 4...
1,대중문화예술 제작스태프 역량강화 교육프로그램 FOCUS ON STAFF 2020 모집 안내...
1,2020 대중문화예술 제작스태프 역량강화 교육프로그램 FOCUS ON STAFF 2020 모집 안내 문화체육관광부와 한국콘텐츠진흥원이 주최하는 대중문화예술 제작스태프를 위한 역량강화 프로그램 [FOCUS ON STAFF 2020] 가 2020년 8월부터 진행됩니다. 어려운 상황속에서도...
1,한국방송통신대학교 인천지역대학 지역사회 문화역량 증진을 위한 '책 나눔 행사...
1,"또한 나눔행사는 지역사회와 상생을 통해 문화소외계층의 문화 역량을 키우고 복합문화공간으로서 방송대 인천지역대학을 알리는 장을 마련하는데 중점을 두었다. 행사 관계자는 "" 이번 책 나눔 행사가 대외적으로는 인천 문화예술 지구인 인천의 문화단체와의 협업을 통한 상생의 기회가 될..."
1,시흥시 2020 문화두리기 역량강화 <퍼실리테이션> 참가자 모집
1,시흥시가 시민 문화거버넌스 ‘문화두리기’와 문화두리기 활동에 관심이 있는 일반시민을 대상으로 2020 문화두리기 역량강화 <퍼실리테이션> 심화과정 교육 참가자를 모집합니다! ‘퍼실리테이션(Facilitation)’이란 다자간 의사소통을 촉진하는 활동으로 모든 참석자가...
1,2020 당진 문화동아리 역량강화사업에 참여 모집합니다.
1,- 당진문화재단에서 4월 7일부터 10일까지 신청 접수 - (재)당진문화재단에서 지역 생활문화의 진흥과 관내 문화동아리의 경쟁력 있는 성장에 기여하고자 내달 7일부터 10일까지 ‘2020 당진문화동아리 역량강화사업’의 참여 동아리를 모집합니다. 올해로 6년째 운영되고 있는 당진...
1,청렴문화 확산 그리고 청렴역량강화 _ 강남서초교육지원청
1,이번시간에는 '청렴문화 확산 그리고 청렴역량강화'라는 주제로 강남서초교육지원청에서 진행이 되었던 이야기를 전해드리려고 합니다. 인공지능시대로 이야기되는 미래 지능정보사회는 창의융합형 인재를 필요로 합니다. 강남서초교육지원청은 관내 학교들이 이러한 시대적 요구에 부응하고...
1,여성가족부 세종문화회관과 함께 청소년 문화역량 키우는데 앞장선다.
1,여성가족부 세종문화회관과 함께 청소년 문화역량 키우는데 앞장선다. - 1월 14일(화) 여성가족부-세종문화회관 청소년을 위한 다양한 문화예술사업 교류 협약 체결 - 여성가족부(장관 이정옥)는 1월 14일(화) 오전 세종문화회관(서울 종로구 소재)에서 세종문화회관과 함께 청소년의 문화 역량을...
1,<주도 문화거리 조성 주민역량강화교육>
1,<주도 문화거리 조성 주민역량강화교육> *5월 6일 ~ 6월 17일 *매주 수요일 오후 2시 *완도네시아 카페 2층 아름다운 주도문화거리 활성화를 위해 간판개선사업과 사업주 커뮤니티 및 공동체의식 함양 주민교육이 매주 수요일 완도네시아에서 있을 예정입니다~! 아름다운 주도거리를 위한...
1,[리뷰] 역량강화_내일을 위한 생활문화예술활동
1,생활문화예술 활성화 기획 프로젝트 내일의 생활문화예술활동 생활문화예술활동 역량강화 프로그램으로 생활문화활동을 통해 예술을 즐기는 도민들이 함께 모여 네트워킹 하는 프로그램 2019년 6월~8월 생활문화예술에 대한 다양한 강의를 만나는 내일의 생활문화예술활동 프로그램이 진행...
1,2020 문화두리기 역량강화 <퍼실리테이션 심화과정> 참가자 모집
1,시민 문화거버넌스 ‘문화두리기’와 문화두리기 활동에 관심이 있는 일반시민을 대상으로 하는 ‘2020 문화두리기 역량강화 <퍼실리테이션> 심화과정’ 교육 참가자를 2월 24일(월)부터 28일(금)까지 모집합니다. ‘퍼실리테이션(Facilitation)’이란 그룹토의 프로세스를 설계하고 다자간...
1,[문화공간가치] 역량강화 프로그램 <쌍문 크리에이터> 모집을 마감합니다.
1,10월 12일부터 사회적 거리두기가 1단계로 조정되면서 도봉문화예술지원센터 공공문화시설 부분 운영을 재개하게 되었습니다. 영상 제작 역량 강화 프로그램 쌍문크리에이터도 10월 21일 수요일부터 시작됩니다. 쌍문크리에이터 프로그램에 관심을 가지고 신청해주신 모든 분들께...
1,웃음치료소통 주민공동체문화프로그램 지역역량강화교육 이애자강사
1,2년 전 오늘 익산시창조적마을만들기사업 웃음치료소통 주민공동체문화프로그램 지역역량강화교육 이애자강사 웃음치료소통 이애자강사 익산시창조적마을만들기사업 주민공동체문화프로그램에서 웃음치료코칭으로 소통하며 지역역량강화교육 함께한 포스팅 이제 올립니다 익산시...
1,#교무회의역량향상#민주적회의문화만들기
1,찾아가는 학교 프로그램을 통해 지원하며 현장에서 함께 소통을 지원하고 있습니다. 끊임없이 건강하게 소통하고 이를 통해 진정한 상호성장을 이루어가는 학교를 지원합니다. #학교#민주적회의문화만들기 #회의역량강화하기 #국제인증전문퍼실리테이터 박주연 #***********@*****.***#010.8646.1744
1,생활문화예술 활동 역량강화 CLASS-닻 신청 안내
1,인천 생활문화 및 예술동아리 지원사업 역량강화 [생활문화예술 활동 역량강화 CLASS-닻] 으로 나의 스킬을 업업! 국내외 오페라에 출연중인 유명 성악가에게 나의 발성을 체크 받아보고 싶지 않으신가요? 인천시립극단 수석단원들과 함께 즉흥 연기를 맞춰보고 싶지 않으신가요? 전문...
1,변화를 리드하는 문화예술교육자의 역량
1,변화를 리드하는 문화예술교육자의 역량 해외 문화예술교육자 역량 지표 개발 사례 이수림_국제협력팀 훌륭한 문화예술교육자는 어떤 사람인가. 좋은 문화예술교육자가 되기 위해서는 어떤 역량을 갖추어야 할 것인가. 예술가로서 교육자로서 그리고 사회의 일원으로서 문화예술교육...
1,금산군 제원면 문화역량교육_바리스타
1,멋지지요~^^ 오늘은 할매인가배가 금산군 제원면에 문화역량교육을 나갔던 날을 소개해드릴까합니다. 이렇게 열심히 만드신 PPT자료를 띄우고 앞에 나가셔서 강의도 하셨구요 로스팅부터 핸드드립시연 및 교육 더치커피 내리기 까지! 17년에 자격증을 취득하시고 그 뒤로 활발한 활동을 이어가고...
1,바다 건너 기억과 소통의 공간으로 마주하다 - 2019 지역문화인력 역량강화 현장탐방...
1,▲ 2019 지역문화인력 역량강화 현장탐방 교육 등록 1박2일 동안 진행될 일정을 간략하게 공유 한 뒤 본격적인 사례 강의로 이어졌고 사례 강의에서는 지역문화 현장에서 현재 문화기획을 진행하고 다양한 활동을 하고 있는 선생님들의 이야기를 들어보는 시간을 가졌다. ▲ 지역문화 현장에서...
1,"안병용 의정부시장 ""시민의 높은 문화역량 발휘해 문화도시로 도약할 것"""
1,안병용 의정부시장이 27일 의정부 아트캠프 블랙에서 문화도시의 가능성 및 성공조건을 두고 주민들과 함께 논의하기 위해 마련된 ‘의정부 문화도시 포럼’에 참석했다. 안병용 시장은 “의정부시민들의 가진 높은 문화의 힘으 바탕으로 경기북부 유일의...
1,연천군 문화관광해설사 역량 강화 교육 실시
1,연천군은 앞으로도 매년 문화관광해설사 역량 강화 교육 과정에 대해 고민하고 한층 더 발전된 교육을 실시함으로써 연천군 문화관광해설사들이 연천군과 관광객을 이어주는 가교 역할을 효과적으로 수행할 수 있도록 지원할 계획입니다.
1,장애인문화예술 역량강화프로그램
1,장애인 문화예술 역량강화 프로그램 나도 예술가 그루터기장애인학교 교육장 매주 수요일 오전 10시 장애인 문화예술 역량강화 프로그램 '나도 예술가' 출석체크 그루터기장애인학교 교육장에 제일 먼저 들어옴! 다른 학생들은 사무실에서 서류하는 중 교실에 아무도 없길래 사진 찍을 여유가 생김!...
1,문화활동에 참여할 수 있는 상시적 공간 조성 및 문화적 역량 증진 감수성 도모를 위한
1,달성군청소년문화의집 청소년어울림마당 비대면프로그램 진행 달성군청소년문화의집은 청소년들이 문화활동에 참여할 수 있는 상시적 공간 조성 및 문화적 역량 증진 감수성 도모를 위한 청소년 어울림마당을 코로나19의 장기화로 비대면 프로그램으로 전환하여 진행한다. 지난 8월부터...
1,라라스쿨 기관성교육 _ 화성시성문화센터 역량강화교육 _ 성교육강사
1,2019년 8월 22일 화성시성문화센터 활동가 역량강화교육 #기관성교육 #유아성교육 #체험형성교육 #성교육 #라라스쿨성교육 #성교육강의 #라라스쿨 #성교육강사 경기도 화성시 성문화센터에서 성교육활동가 역량강화교육이 있었습니다. 라라스쿨 강사님께서는 유아성교육 방법과 실제를 주제로...
1,한국문화정보원 문화 PD 취창업역량강화 워크숍 개최
1,바로 문화 PD를 대상으로 취창업 역량 강화 워크숍을 3일동안 개최했는데요~ 뉴 미디어 콘텐츠의 이해와 제작 강의와 영상 스튜디오 해외창업 관련 강의가 있었습니다! 잠깐만!!! 문화 PD 는 영상콘텐츠에 관심이 많은 학생들로 관심국내외 다양한 문화·예술·체육·관광 등의 문화정보를 소재로...
1,제천 시민고충처리위원회 방문2020년 충북문화관광해설사 전문역량강화 연찬회...
1,이후삼 의원은 제천 시민고충처리위원회 조동현 회장님과 오전 간담회를 가진 후 홍석용 제천시의회의장 및 시의원 전원표 도의원 등과 함께 제천에서 열린 '2020년 충북문화관광해설사 전문역량강화 연찬회'와 '대한적십자봉사회 제천지구협의회 회장 이취임식'등에 참석했습니다. 이후삼...
1,[문화체육관광부]과장급 역량강화교육
1,과장급 보직서기관 선발을 앞두고 실시한 역량강화(역량평가대비 AC평가)교육 소수의 인원으로 과정을 종일 진행했다. 인사혁신처에서 평가를 진행하지만 과장급 역량평가는 평가대상 역량과 지표를 중심으로 실시하기 때문에 역량과 지표에 맞는 과제로 과정을 운영했다. 담당부서에서 최근의...
1,가현정북스 달콤한 책빵 프로그램 for 전북문화관광재단 역량강화 워크숍
1,2019 전북 지역 특성화 역량강화 워크숍이 9월 27~28일 양일간 담양에서 이뤄졌어요^^ 추진배경은 담양지역 사업 우수사례 답사를.통해 문화예술교육의 다양성과 사회적 기능을 경험하고자~ 전북 각 지역에서 문화예술분야 활동가 선생님들이 담양으로 오셨어요~! 와우~~ 1박 2일 워크숍 일정표에...
1,울릉군 여성 역량강화… 여성문화회관 프로그램 운영
1,울릉군 여성 역량강화… 여성문화회관 프로그램 운영 허영국기자 승인 2020.08.02 댓글 0 재봉틀 과정 등 5과목 제공 재봉틀 과정에 참여하고 있는 수강생들 울릉군 여성문화회관 소양기술 취득 프로그램 운영에 재봉틀 과정 수강생들의 만족도가 매우 높은 것으로 나타나고 있다. 울릉군은...
1,함평군 문화관광해설사 역량강화교육 실시
1,12일 함평군에 따르면 지역 문화관광자원에 대한 해설서비스의 질적 향상을 위해 오는 9월 12일까지 주 2회(1일 3시간)에 걸쳐 역사 문화부문 역량강화교육을 실시한다. 이번 교육은 함평군 소속 문화관광해설사 23명이 모두 참여한 가운데 서상일 금곡서당 훈장이 강사로 나서 문화해설사의...
1,지역역량강화 문화복지 프로그램 기업출강 용인 기흥 동백 수지 분당 수원 천연 공방
1,자격증반/취미반/원데이클래스 기업출강/외부수업 문의 답례품 문의 카톡문의 grunge1201 010.9178.2064 그런지공방 #용인비누공방 #용인디퓨저 #용인룸스프레이 #기흥천연공방 #기업출강 #복지관출강 #취미클래스 #학교출강 #역량강화수업 #문화복지프로그램 #천연바세린만들기 #용인왁스타블릿
1,입석중학교 글로벌역량 계발을 위한 글로벌문화 체험학습 실시
1,이와 같은 체험활동을 통하여 학생들은 각각의 체험활동을 통하여 다문화에 공감하고 다문화 역량을 강화하는 시간을 보냈습니다. 체험활동에 참여한 3학년의 한 학생은 “여러 나라의 풍습이나 놀이 의상 등에 대하여 체험하면서 그 나라에 대해 이해하는 시간이 되었다. 다른 나라의 옷을 입고...
1,[메이킹허니] 이태원 퍼스널컬러 이미지컨설팅 출장후기 대기업 팀 문화생활 직원역량...
1,팀장님께서도 매우 만족하셨던 이미지 클래스 개인의 매력도 향상을 통해 비지니스 역량강화까지! 다양한 면에서 긍정적인 효과를 기대할 수 있는 시간입니다. 개인별로 챙겨오신 메이크업 제품 악세서리 의상 사진 등을 체크해드리는 시간도 가졌습니다. 이론적인 강의가 아닌 전 직원 100...
1,글로벌 문화특강-k재단 강사 역량강화
1,올해도 글로벌 문화강사 역량강화 특강. 오랜만에 강의사진 (오랜 팬이 참석해서 특별히 찍어줌.ㅎㅎ) 아이들에게 글로벌문화를 알려주실 선생님들. 진지하게 생각하고 생각도 공유하고 강의에 호응도 좋고~ 모든 강의.강연이 보람되지만. 강사양성 강의는. 열사람의 한걸음이 아니라 천사람의...
1,2020 당진 문화동아리 역량강화 사업 지원신청 (2020-04-07~2020-04-11)
1,dangjinart.kr/designer/skin/bd/view.html?b_code=bizRecv&b_idx=8517&b_parent=8517&condition=&searchText=&start=&page_no=1 [2020 당진 문화동아리 역량강화 사업 지원신청] http://www.arthub.co.kr/sub044/board01_view.htm?No=2332&page=1&sType1=1&sType2=2&sType3=3&sType4=
1,사회복지 상담 교육 매뉴얼1. 3과 문화적 정체성과 문화 역량 증진
1,3과 문화적 정체성과 문화 역량 증진 원조 전문가로서의 정체성과 직업관 전문직업적 정체성 척도
1,문화공동체 역량강화 지원사업은 현재 진행 중~
1,지난 8월부터 재단 사업으로 공모를 받아 선정한 고창 문화공동체 역량강화 지원사업 운영 현황을 소개해드리고자 찾아왔습니다 오늘 소개해 드릴 문화공동체는 팜팜스테이션 청유당 엄마의book꽃놀이 교감소통치유 입니다 먼저 팜팜스테이션입니다. 팜팜스테이션은 프리마켓을...
1,간호사의 문화간호 자기효능감과 문화간호역량 교육 요구
1,문화간호역량 교육 요구는 Tulman과 Watts(2008)가 개발한 문화역량 통합 교육 과정 질문지(Blueprint for Integration of Cultural Competence in the Curriculum Questionnaire[BICCCQ])를 번안 후 자문단에게 내용타당도 및 전달력 검증 간호사 14명에게 문항의 이해도와 반응도를 확인하였다. 연구자는...
1,<문화예술교육 정책의 지향점> 문화역량 강화
1,학습지향적 지원환경 문화역량은 창의요소 수용요소 정신 요소 세가지로 이루어집니다. 본 연구는 문화창작 역량과 문화수용력 제고를 포함한 문화역량 지수에 대한 학술적 토대를 마련하고 있습니다. 출처: 2011문화역량지수 개발연구...
1,[제187호] 한 나라의 국격은 시민의 문화역량으로 가늠된다
1,<선진화포커스 제187호> 한 나라의 국격은 시민의 문화역량으로 가늠된다 곽삼근 이화여대 교육학과 교수 21세기 시민사회에서 국가나 지역의 수준은 그 지역 시민들의 문화역량에 의하여 가늠된다. 즉 한 나라의 국격은 그 구성원인 시민의 품격에 의하여 결정되는데 이를 구성하는 토대는...
1,핵심역량으로서의 문화역량 : 독일에서의 문화역량에 대한 담론
1,문화 교육의 목표를 문화역량 강화라는 측면에서 인식하는 것이 중요하게 여겨지고 있으며 이에 따라 최근 학계와 문화교육 프로그램이 운영되고 있는 현장에서 문화역량에 관한 관심이 높아지고 있다. <표 1> DeSeCo 연구에서 채택된 역량 모델 인식도구 문해 수리력 과학적 방법/비판적 사고력...
1,'불교문화 역량 총 집결'
1,한국불교박람회 장혁 사무국장은 “한국불교의 유무형의 자산과 문화역량이 총 집결될 이번 행사가 미래불교의 청사진을 제시하며 21세기 미래문명의 대안으로서 한국불교를 새로이 자리매김할 수 있는 장이 될 것을 간절히 기대한다”고 밝혔다. 지난해 처음 열린 박람회에는...
1,[2017.11.18] 문화감수성역량강화연수 강의
1,[문화감수성역량강화연수 강의] 2017.11.18(토) 10시 모퉁이극장 쏟아지는 햇살의 관객커튼과 모퉁이극장 관객들 갑자기 쌀쌀해진 가을 아침 모퉁이극장에 선생님들이 찾아오셨어요. <문화감수성 역량 강화>라는 주제로 문화감수성 풍부한 중구 또따또가 작가 분들과 공간을 만나보는...
1,심리학과 문화역량
1,심리학에서 바라 본 문화역량의 구성요소 협의의 의미에서 문화 개념은 우리가 일상적으로 사용하는 문화예술(문학 미술 음악 디자인 공연 광고 영화 방송 문화재 만화 애니메이션 게임 등)과 유사한 개념이다. 이러한 의미에서 문화역량은 문화와 예술을 창조하고 감상하고...
1,"나주시 ""역사 · 전통 어우러진 '나주 문화' 역량 확인"" **[시사조선]"
1,신정훈 나주시장은 “2007 나주 영산강문화축제는 역사와 전통이 어우러진 ‘나주의 문화역량’을 대내외에 널리 알리고 주민이 화합하는 한마당 축제가 됐다. 이번 축제가 역사문화도시로서 나주를 널리 알리는 계기뿐만 아니라 혁신도시를 통해 전국 제일의 도시로 발돋움하는 도약의 발판이 될...
1,2013 무지개 다리 사업 문화 다양성 역량강화 연수
1,문화다양성을 활용한 사례 (아시아인권문화연대 이완 대표) <무지개 다리 사업 문화다양성 역량강화 연수>는 제주문화예술재단 문화예술교육지원센터가 문화다양성 확산을 위해서 실시하는 연수이다. 첫 번째 시간에는 ‘문화다양성의 이해’를 주제로 시인 심보선 교수와 여러 이야기를 나눌 수...
1,직업능력으로서의 문화역량 : 미국에서의 문화역량에 대한 담론
1,문화역량의 개념 및 모델 1) 직업능력으로서 문화역량 개인의 문화에 기초한 신념 태도 행동과 관습을 인정하고 존중하는 방식으로 일하고 반응하는 직업능력이다. 클라이언트와 학생들의 다양한 경험이 얼마나 더 큰 사회적 맥락 내에서 차이점과 유사점을 드러내는지 그들의 유일한 경험을...
1,제주세계델픽대회는 제주문화 역량
1,행사기간 5만이 넘는 관람객이 찾아 성황리에 개최된 바 있고 그에 이어 두 번째 문화기반의 역량을 보여줄 수 있는 기회라는 점에서 이번 국제문화행사는 중요한 의미가 있다. 과거 졸속행사로 끝난 1995년 제주프리비엔날레와 2001년 세계섬문화축제의 오명을 벋는 중요한 기회라고 하겠다. 그 당시...
1,CS교육-충북문화관광해설사 역량강화
1,CS교육 -충북문화관광해설사 역량강화 안녕하세요. 충북자치연수원 주관으로 충북에서 활동하시는 문화관광해설사 역량강화과정 중 CS교육 다녀왔습니다. 문화관광해설사는 각 지역을 대표하는 관광지에서 문화/ 역사적 지식과 정보를 전달하는 커뮤니케이터이자 재미와 감동을 전하는...
1,삐찌림에서 문화역량지수 RISS
1,http://blog.naver.com/igor5474/220941864402 어제 문화역량을 계량화할 수 있는 거냐고 했더니 블로그에 당도한 답. 문화역량 지수 Riss. 찾아보니까 사이트도 있는 모양이고 요런 책도 있어요. 문화 예술에다가 계량경제학을 엮는 게 가능한 일인가? 나는 사이트 가입을 할 줄 몰라서...
1,[활력신공] 이윤하 멘토 '문화창조역량강화'
1,이윤하 멘토_문화창조역량강화 문화예술을 통한 일상에서 생각하는 힘 기르기 이윤하 멘토는 한 직업으로 설명하기가 어렵습니다. 건축가이자 시인이며 마을 활동가이기도 합니다. 이런 그가 ‘문화창조역량강화’를 주제로 활력신공과 만났습니다. 약 8회차 동안 생태주의건축에서...
1,[12월원고]창녕군 문화관광해설사 역량강화(배미령)
1,창녕군 문화관광해설사 역량강화 창녕군 블로그기자 배미령 지난 11월30일 창녕군 문화관광 해설 사들은 충남 서산으로 역량강화를 위해 힘차게 출발했습니다. 서산시 가야산 계곡을 향하여 활기찬 발걸음을 옮기며 보다 나은 견문을 넓히고 역량을 강화하여 창녕군의 홍보대사 역할을 톡톡히 할...
1,청양읍 농촌중심지활성화사업 지역역량강화 문화기획자 양성과정 교육
1,청양읍 농촌중심지활성화사업 지역역량강화 문화기획자 양성과정 교육 호기심 천국인 불량주부는 청양에서 진행되는 많은 과정들을 다 경험해보고 싶어서 청양읍농촌중심지활성화사업 추진위원을 하고 있어요~~ 이번엔 지역역량강화로 문화기획자 양성을 위한 교육을 실시했어요~~ 많은분들이...
1,꿈다락 토요문화학교 역량강화 3차 워크숍
1,꿈다락 토요문화학교 역량강화 3차 워크샵 체험형 (+강의) 워크숍 2013년 11월 17일 일요일 - 10:00~14:00 나에게 허락하는 선물 <!--[endif]--> 힘차게 달려 꿈다락 문화학교 3차 워크샵 마지막 시간이 왔습니다. 오늘 함께 해주실 분은 최지은 강사님입니다. 오늘 워크샵을 통해 함께한 모든 분들은 진정한...
1,<테오 엡스타인에게 배우는 33역량> 문화충전
1,테오 엡스타인에게 배우는 33역량 작가 신호종 출판 넥서스BIZ 발매 2017.05.20. 리뷰보기 메이저리그에서 194년 저주를 깨트린 [테오 엡스타인에게 배우는 33역량] 2017년 [포춘] 세계에서 가장 위대한 지도자 1위에 선정된 테오 엡스타인을 통해 역량을 어떻게 키워야하는지 고민해보는 시간을...
1,2017 청년문화인력 역량강화 캠프 ‘Y.CAP’ 참가자 모집 안내
1,전국 청년예술가 및 문화기획자 예비기획자 대학생 50명을 대상으로 #기획력_향상 과 #공동체기반_예술 에 대한 이해를 돕기 위해 역량강화 캠프 'Y.CAP'를 진행합니다. 문화예술 기획에 관심 있는 분들의 많은 참여를 바랍니다. ◆접수기간 : 2017.10.20(금)~2017.10.26(목)...
1,고창군 문화관광해설사 역량강화 워크숍
1,고창군 문화관광해설사 역량강화 워크숍 “아름답고 청정한 고창군의 매력 관광객들에게 널리 알릴께요!” 고창군이 자연생태환경과 역사 문화 전통을 보다 널리 알릴 수 있도록 문화관광해설사들의 역량을 강화하는 워크숍이 진행하였어요. 문 화관광해설사 40여명을 대상으로 지난 13일부터...
1,영광군 문화관광해설 역량 강화 선진지 견학
1,영광군(군수 김준성)은 문화 관광해설사의 역량 강화를 위해 지난 10월 31일부터 11월 1일까지 부산광역시를 대상으로 선진지 견학을 실시하였다. 이번 견학은 오륙도 스카이워크 이기대 갈맷길 탐방을 실시하고 우리 군에 접목 가능한 해양 관광 발전 방향에 대하여 토론의 시간을 가졌고 범어사...
1,생활문화 바로읽기 : ‘2017 생활문화센터 운영자 역량강화 집체교육’ #1
1,[생활문화센터] 생활문화 바로읽기 : ‘2017 생활문화센터 운영자 역량강화 집체교육’ #1 지난 9월 19일부터 20일까지 대전kt인재개발원에서 ‘2017 생활문화센터 운영자 집체교육’이 개최됐습니다. 이번 교육은 각 지역 생활문화센터 운영자를 대상으로 진행됐는데요. 각 생활문화센터의 지역적...
1,한신대 중국 산동 연수로 글로벌 문화 콘텐츠 역량 강화
1,한신대 중국 산동 연수로 글로벌 문화 콘텐츠 역량 강화 - 중국 문화 이해 및 어학 능력 향상 위해 마련 - 연수 활동을 디지털 문화 콘텐츠로 재생산하는 창의적 활동에 초점 ▲한신대 한중문화산업대학 학생들이 연수 중 기념촬영을 하고 있다. 한신대학교(총장 연규홍) 한중문화산업대학은 지난...
1,제주문화예술재단 역량강화 워크숍 & 인순이 콘서트
1,제주문화예술재단에서 다양한 지원을 하고 있는 사업들이 많다. 그 사업을 지원하면서 문제점이나 보완점 장단점들이 있을터~ 어떤식으로 개선해나갈 것인지거기에 따른 모니터도 함께 이루어지고 있다 그것을 지원사업 모니터분들이 하시고 계시고 이번엔 그들을 위한 역량강화 워크숍. 2015년...
1,김포 문화관광·MICE 지역역량강화 교육
1,이에 문화관광·MICE 분야 교육 과정 개설 및 운영을 통해 지역사회 신규 산업군 사업에 대한 전반적 이해도를 제고하고 공무원 공공기관 민간 등을 비롯한 지역관계자의 MICE 네트워크 형성 및 문화관광·MICE분야의 지역역량 강화의 장을 마련하고자 합니다. 기...
1,전남전북 농촌중심지활성화 지역역량강화사업 문화복지 우울증 치매예방교육 이애자강사
1,농촌중심지활성화 지역역량강화사업 문화복지교육 전남전북충남 이애자강사 우울증 치매예방교육 웃음코칭과 함께 진행했어요 지난 금요일 이애자강사 광주에서 오전 강의 후 농촌중심지활성화 지역역량강화사업 치매예방교육 위해 함평군 해보주현마을회관에 들어서자 마자 반갑게...
1,광산생활문화센터에서 동호회의 역량을 쑥쑥 키워요.
1,"2018 생활문화 활성화를 위한 역량강화 워크숍에 참여합니다. 광산생활문화센터 2층 어울림방에서 워크숍을 가졌습니다. 블로그 포스팅 하려고 내 휴대폰 사진을 보니 이날의 강사 임승관님만 사진이 있고 참여하신 동호회 관계자 사진은 한장도 안 찍었네요. 제3회 담장너머 뭐하나 ""광주클럽데이..."
1,[동국대] DUBS 방송문화진흥회 역량강화 지원 사업 선정-동국대학교
1,DUBS 방송문화진흥회 역량강화 지원 사업 선정 ‘스펙만능시대 청년 세대의 삶과 고민’ 다큐멘터리 기획 “스펙사회의 일원으로 살아가는 청춘들에 대한 고민 담을 것” 동국미디어센터산하 교육방송국(이하 DUBS)이 방송문화진흥회가 주관하는 2014년 차세대 방송인 역량강화 지원사업에...
1,문화기획자 역량강화프로젝트 ‘기力튼튼 레시피’ 참가자 모집
1,도봉문화재단의 문화기획자 역량강화 프로젝트! 기력튼튼 레시피! 문화 예술적 상상력과 감성계발로 나의 力량을 튼튼히 하라!! 다양한 방법으로 함께 고민하고 기획역량 문화 예술 기획자를 꿈꾸며 다른 방법으로 일상을 보고 싶은 분들의 많은 신청 바랍니다. 신청바로가기 ↓ ' '
1,증산도 문화역량의 무한한 가능성
1,증산도 문화역량의 무한한 가능성 ≡≡≡≡≡≡≡≡≡ 이번 프랑크푸르트 세계도서박람회 참가는 정말 특별한 의미가 있다. 전세계 70억 인구 가운데 번역에 사용된 6개 국어를 구사하는 인구는 약 30억이다. 우리들의 6개 국어 도전출간은 그들에게 진리를 규모있게 전파할 수 있는 기반이 마련...
1,일본 역사문화탐방 일본 속 백제문화 배우며 글로벌 역량 키운다
1,일본 속 백제문화 배우며 글로벌 역량 키운다 - 당진시 관내 고등학교 해외 역사문화탐방 지원 - 해외역사문화탐방 오리엔테이션 글로벌 인재육성을 위한 당진시의 고등학생 해외․역사문화탐방이 지난 16일 서야고등학교를 시작으로 대장정의 길에 올랐습니다. 시는 올해 처음으로 당진 관내 8개...
1,충남도 찾아가는 문화 활동 역량강화 워크숍
1,06.10(화) 14:46 2014 찾아가는 문화활동 역량강화 워크샵에서 개선점을 역설하는 참석자[충남] 충남도는 지난 9일 충남도청 대회의실에서 시·군 담당자 및 사업자단체 관계자 등 70여 명이 참석한 가운데 '2014 찾아가는 문화 활동 역량 강화 워크숍'을 개최했다. 이날 워크숍은 사업정산 요령과...
1,[단양군] 문화관광해설사 전문역량강화 워크샵 _ 이준오 부대표님
1,[단양군] 문화관광해설사 전문역량강화 워크샵 _ 이준오 부대표님 2017년 11월 14일부터 15일까지 1박 2일동안 진행된 '단양군 문화관광해설사 전문역량강화 워크샵' 이 마무리되었습니다. 제주도에서 진행된 금번 워크샵은 저희 CS솔루션의 이준오 부대표님께서 진행해주셨습니다. 기대 가득 안고...
1,2018 논산시 농촌문화 체험연구회 역량강화 교육
1,특별자치도 제 2008-9호 유리조형 예술체험 테마파크 제주 유리의 성 제주도의 첫 날 무사히 도착하여 나머지 일정을 잘 보낼 수 있도록 점검하는 시간입니다. 함께 한 대표님들 입니다. 사진 빠진 분~~~~~~~~~~~ 알려 주세요 함께 해서 즐거운 2018 논산시 농촌 문화체험연구회 역량 강화 첫 날입니다.
1,계명문화대학교 독서역량강화를 위한 김양수 작가 초청 특강 실시
1,지난 20일 계명문화대학교에서 학생 및 교직원의 독서역량강화를 위해 웹툰 '동네변호사 조들호’의 김양수 작가님을 초청해 특강을 실시했습니다. 이날 특강에서 김양수 작가님은 ‘책 독서 그리고 스토리텔링’ 이라는 주제로 인생의 전환기 때 만난 5권의 책을 통해 영감을 얻어 웹툰 작가가...
1,- 방문 관광객의 만족도 향상을 위한 -남양주시 문화관광해설사 역량강화 교육
1,향후 정기적으로 문화관광해설사를 대상으로 역량강화 교육을 실시하여 남양주를 찾는 관광객에게 질 높은 서비스를 제공할 수 있도록 노력하겠다고 밝혔다. #남양주 #T-NEWS #김진구기자 티뉴스 모바일 사이트 남양주시 문화관광해설사 역량강화 교육 http://m.tnews.kr/news/articleView.html?idxno=32270
1,구미시 여성농업인 문화프로그램 문화복지향상 역량강화 교육
1,-구미시 여성농업인 문화프로그램(문화복지향상 역량강화 교육) 개최! 구미시(시장 장세용)에서는 지난 8월 14일 농업인회관에서 구미시여성농업인들을 위한 문화복지향상 역량강화 교육을 개최하였다. 이날 교육에는 유익수 선산출장소장 지무근 여성농업인구미시연합회장을 비롯한 단체...
1,[HICO이슈] 지역의 한옥문화 역량을 대표하는 2020 한옥문화박람회
1,- 대한민국 대표 한옥도시 경주에서 개최되는 국내 유일의 한옥박람회 - 한옥문화 대중화 프로그램을 통한 기존한옥에 대한 인식 전환의 장 - 지역에 분포한 우수한 한옥 콘텐츠를 활용한 다양한 부대행사 개최 2020 한옥문화박람회가 오는 10월 15일(목)부터 18일(일)까지 ‘한옥 당신의...
1,[컬쳐트리 문화역량] 건강한 조직문화를 위한 Toolkit 세미나 후기
1,"이번 세미나에서는 건강한 조직문화를 위한 Toolkit으로 ""문화역량 개발""의 필요성에 대해 이야기했습니다. 문화역량을 처음 들어보신 분들도 있으시고 익숙하게 느끼는 분들도 있으시죠. 아마 새롭게 느끼시는 분들이 더 많을 텐데요. 문화역량은 ""나와 상대방 사이의 다름을 틀림으로 보지..."
1,디지털 역량 강화! AI 교육의 길! 제33회 정보문화의 달 컨퍼런스
1,6월은 정보문화의 달이라는 것을 알고 계시나요? 정보문화의 달은 1988년을 시작으로 정보사회에 대한 국민의 인식을 높이고 전체 국민이... 또 디지털 포용 컨퍼런스에서는 사전 질문과 실시간 질문을 통해서 강연과 디지털 역량에 대한 질의응답을 진행했는데요 AI 저변을 확대해야 한다면...
1,2018 논산시 농촌문화체험 연구회 역량강화 3
1,2018 논산시 농촌문화체험 연구회 역량강화 3일 차 입니다. 제주 동부권 탐방 - 섭지코지 - 제주레일바이크 - 선녀와 나무꾼 - 무인카페 - 논산으로 향하여 #아모렉스 리조트 에서 2박을 하고 다음을 향해 갑니다. 제주 특별자치도 서귀포시 성산읍 고성리에 위치한 해안이다. 제주...
1,익산 문화예술 역량 강화를 위한 다양한 노력을 소개합니다
1,지역 문화예술교류 지역 간 문화예술교류를 통한 익산지역 문화예술인의 역량 강화와 문화예술인과의 네트워크 형성을 통해 문화예술 분야를 활성화합니다. 생활문화예술 활성화 지원 예술가는 전문가? 일반인도 충분히 쉽게 할 수 있는 생활문화예술동호회 역량 강화를 통해 문화공동체로의 질적...
1,청렴역량강화와 청렴문화 확산 _ 강북구청
1,안녕하세요~ 어울림교육개발원입니다:) 이번 시간은 '청렴역량강화와 청렴문화 확산'이라는 주제로 강북구청에서 있었던 즐거웠던 청렴교육 이야기를 전해드리려고 합니다. 교육담당자분께서 지루한 청렴교육이 아닌 임직원분들이 유쾌하게 참여할 수 있는 청렴교육을 의뢰하셨습니다. 지루한...
1,[문화PD/17기] 취창업역량 강화! 문화PD 워크숍
1,문화PD 17기 이호진입니다. 발대식을 했던 게 엊그제 같은데 벌써 마지막 교육인 문화PD워크숍 날이 찾아왔네요. 오늘은 특별히 문화PD들과 지역문화PD들이 함께하는 날이라 더욱 특별했는데요. 첫 만남의 어색함도 잠깐일 뿐 쉬는 시간이 되자 이런저런 이야기를 나누면서 엄청난 친화력을...
1,‘걸을수록 커지는 나를 발견하다’ - 지역문화인력 역량강화 프로그램 ‘나는...
1,또한 다양한 영역의 학습을 통해 지역문화인력으로서의 역량을 갖추는 시간도 가졌습니다. 걸을수록 커지는 자신을 발견하는 ‘나는 걷는다’ 프로그램도 그러한 목적으로 준비되었습니다. “사람들은 몸의 속도를 그리워했다.” 1999년 베르나르 올리비에는 '걷는 여행'을 통해 걷기의 힘을...
1,시민들의 문화역량을 펼치다! 안양시민 휘호대회!
1,제14회 안양시민 휘호대회에서 시민 문화역량을 맘껏 펼쳐내다! 서도를 통한 안양시민의 정신문화 함양과 전통문화 계승 발전을 도모하며 문화적 예술적 발전을 위하여 제14회 안양시민 휘호대회를 개최하였습니다. 안양시민휘호대회는 안양서도회 주최 주관으로 안양시민 관내 초 중 고 대학생...
1,콘진원 대중문화예술 제작스태프 역량강화 해외 웨비나 첫 개최
1,콘진원 대중문화예술 제작스태프 역량강화를 위한 해외 웨비나 첫 개최 문화체육관광부(장관 박양우)와 한국콘텐츠진흥원(원장 김영준 이하 콘진원)은 오는 10월 12일 13일 양일간 대중문화예술 제작스태프 역량강화 프로그램 <Focus on Staff 2020>의 ‘마스터클래스 웨비나(Webinar 웹...
1,2020'기획형문화예술치유사업 2차역량강화 워크숍: 융심리학 성격유형
1,#트리인마인드 예술치료교육연구소에서 2020년 기획형문화예술치유사업 역량강화 워크숍이 열립니다. 국제융분석가 스위스 취리히융연구원 상임교수인 김지연교수님을 모시고 두번째 시간으로 융심리학의 성격유형을 주제로 워크숍이 열립니다. ∎ 일 시 / 2020년 10월 11일...
1,[채용공고-재공고] 2018 지역문화재단 역량강화사업 단기계약직원 채용 재공고
1,모집내용 구분 모집분야 인원 담당업무 비고 한시적 계약직 문화예술 행정 1 ㅇ 지역문화재단 역량강화 지원사업 운영관리 - 지원사업 별 사업 운영 관리 - 지원사업 e-나라도움 시스템 관리 운영 - 기타 사무국에서 필요로 하는 사업 및 행정 채용일로부터 2018년 12월 31일까지...
1,대문 (봄호 제 21호) :: 문화공감. 동아시아문화도시 대구 문화역량 높일 호기
1,동아시아문화도시 대구 문화역량 높일 호기 글_황숙희 대구시립예술단 홍보마케팅 지난 2월 18일 오후 1시 교토시 헤이안신궁 인근 롬시어터(ROHM Theater) 메인홀. 객석을 가득 메운 1천700여 명의 관객들의 눈빛이 반짝였다. '2017 동아시아 문화도시' 교토 개막식을 찾은 일본인들과 중국 창사와...
1,부안군 생활문화예술 동호회 역량 강화 코칭 교육
1,부안군 생활문화예술 동호회 역량 강화 코칭 교육 장소 : 청우학교 (구 청호실고)/부안나무풍경 강사 활동을 하면서 배워온 지식을 전달하고 능력을 발휘하는데 있어 무엇보다 필요한 나의 역량 강화.... 살다 보면 꼭 강사활동으로써 뿐만 아니라 대중 앞에 섰을때 본인의 목소리를 얼마나 정확하게...
1,경영 역량: 기업문화 공감 역량 감성 리더십
1,공감 역량은 기업문화를 역량 개념으로 바꾸어 인식한 것인데 이는 리더십 인재 조직 정체성 기업 시민의식으로 구성되어 있다. 별첨 슬라이드 파일 내 그림 참고. 공감 empathy은 기업 차원에서 사람들 간의 정서적 일체감을 말한다. 초우량기업은 모든 활동의 주체인 사람들 간의 정서적 일체감...
1,[경상북도교육청문화원] 배움으로 문화예술 역량을 키우는 교직원문화예술동아리! 2018...
1,추미애 원장은 “자발적인 문화예술 동아리 활동으로 상호 배움이 일어나고 선생님도 행복하고 학생지도에도 도움이 되었으면 좋겠다”고 말하며 “아울러 문화예술 역량을 키우는데 도움이 되길 바란다”고 덧붙였습니다. 문화원에서는 앞으로도 교직원들이 희망하는 다양한 프로그램을...
1,문화 역량 뽐내다 2015 서울문화원엑스포
1,"[인터뷰 : 김선희 / 서초문화원 부원장 ] ""서울시민 그리고 대한민국 모든 국민이 모여서 삶과 행복과 모든 기쁨을 누릴 수 있게끔 항상 함께하고자 합니다."" 문화원들의 역량을 보여준 2015 서울문화원엑스포. 지역사회 문화 거점으로서의 역할과 위상을 보여준 시간이었습니다. HCN뉴스..."
1,지역 문화예술인의 역량을 강화하는 저작권
1,기타 문화예술인 역량 강화 권익 신장·발전을 위하여 상호 인정하는 사업의 협력 협약을 통해 앞으로 두 기관은 신뢰를 바탕으로 충북지역 예술인들의 다양한 저작권 관련 혜택을 위한 상호 발전 방안을 모색하고 이를 실현하고자 지속적으로 노력할 것이다. 저작권 교육제도의 나아갈 방향...
1,화성시생활문화동호회 / 동호회 역량강화 워크숍 / 화성시생활문화센터 / 화성시문화재단
1,화성시생활문화동호회 동호회 역량강화 워크숍 - 동호회간 네트워크 확장 및 문화예술 경험 확대를 통한 발전 계기 마련 화성시문화재단(대표이사 권영후) 생활문화팀은 지난 6월 21일 화성시생활문화동호회 회원들과 함께 노작홍사용 문학관과 강원도 원주에 위치한 「뮤지엄 산」...
1,계명문화대학교 독서역량강화를 위한 '1일1책' 장인옥 작가 특강
1,계명문화대학교입니다. 요즘은 날씨도 좋고 드디어 봄이 찾아온듯해요~ 그렇지만 매일 미세먼지가 나쁨 수준이니 마스크는 필수!! 오늘 알려드릴 소식은 '일일일책'의 저자인 장인옥 작가님의 특강 소식입니다!! 이번 특강은 재학생과 교직원의 독서토론클럽 활성화와 독서역량 강화를 위해 하루 한...
1,[문화예술경영학과] 코아르(COAR): 예술적 감성과 경영 역량을 갖춘 문화리더 양성
1,예술적 감성과 경영 역량을 갖춘 문화리더 양성 오세준 l 승인 2019.12.03 21:44 서울디지털대학교 '문화예술경영학과' 2020학년 1학기 신·편입생 모집 실시 사진 ⓒ 서울디지털대학교 문화예술경영학과 방탄소년단이 세계를 휩쓸고 문화의 가치가 사회 전반에 확산되는 요즘 이런...
1,영월 문화·자연·역사 한자리에…12일부터 기획전
1,"영월군 관계자는 5일 ""영월형 문화도시의 추진 주체는 주민이다""며 "" 읍·면 순회 전시기획전을 통한 주민 참여 유도는 물론 문화도시 분과회의 포럼 행정지원협의체 회의 등으로 주민의 문화 역량을 끌어올릴 계획이다""고 말했다."
1,계명문화대학교 교육국제화역량 인증제 '인증대학' 으로 선정
1,바로 계명문화대학교가 교육부와 한국연구재단이 주관하는 교육국제화역량인증제에서 (IEQAS : International Education Quality Assurance System) 우수성을 인정받아 '인증대학'에 선정되었습니다. '교육국제화역량 인증제'란 기존 2011년에 시행된 '외국인 유학생 유치 · 관리역량 인증제'에서 대학의...
1,농촌중심지활성화 지역역량강화사업 문화복지교육 이애자강사
1,농촌중심지활성화 지역역량강화사업 문화복지교육 이애자강사 여기저기 꽃이피기 시작하는 4월입니다 4월첫날도 행복하게^^ 이웃님들 주말 잘 보내고 계신가요? 건강행복길잡이 이애자강사 농촌중심지활성화 지역역량강화사업 문화복지교육교육이 개강되었습니다 이번 #농촌중심지활성화...
1,서원대 문화예술교육센터 19일부터 예술강사 역량 강화 온라인 연수 실시
1,서원대 문화예술교육센터 19일부터 예술강사 역량 강화 온라인 연수 실시 서원대학교(총장직무대행 엄태석) 문화예술교육센터가 오는 19일부터 28일까지 ‘예술강사 역량 강화 온라인 연수’를 실시한다. 이번 연수는 비대면 방식으로 이루어짐에 따라 수강자는 시간과 장소에 구애를 받지 않고...
1,노사 문화 혁신 역량 개발 방향
1,노사 문화 혁신 역량 개발 방향 Step 1. 올바른 노사관과 확고한 노사 마인드의 정립 • 노사문제는 우리 모두의 일이다 • 내 조직과 현장은 내가 책임 진다 • 사원들이 누구를 더 믿고 따르는 가에 달려있다• 현장 안정 없이 어떠한 성과도 미래도 없다 Step 2. 정확한 현장 진단...
1,[국감보도자료 20.09.29] 지방문화기반시설 수도권과 지방 차이 운영역량 중요
1,이에 대해 임오경 의원은 “지방분권 차원에서 지방에 많은 문화시설이 들어서는 것은 바람직하지만 외형의 증가에 맞춰 운영역량을 강화하고 문화기반시설 이용율을 제고할 수 있는 방안들이 함께 마련되어야 한다”고 밝혔다. (끝) 첨부파일 200929[임오경 국회의원 국감보도]...
1,중부대학교 문화예술교육원 문화예술교육사 역량강화 워크숍
1,이번 예술대학 학생들과 고양시민 대전시민 100여 명이 참석한 진로설명회를 통해 참석자들은 문화예술교육사가 지녀야할 핵심 역량과 직무 문화예술교육사로서 자신과 지역을 위한 진로 개척에 대해 생각해본 수 있는 계기가 되었습니다. 또한 강연을 마친 후 현혜연 교수의 1:1 컨설팅을...
1,지구 한 바퀴를 돌아온 교육 요청_글로벌 조직문화 역량을 기르자!
1,현재는 S사에서 임원진을 대상으로 조직문화개선 코칭 프로젝트를 실시하고 있으며 C사에서 팀장들을 대상으로 하는 리더십 역량 개발 컨설팅을 I사에서 조직문화 개선 프로젝트를 진행하고 있습니다. 또 U사에서 핵심가치를 내재화하기 위한 전사 SURVEY 및 경영진 인터뷰 워크샵 진행에 대한...
1,도시문화위원회 역량강화 워크숍 성료
1,'이웃분쟁조정제도의 의의와 사례' 특강 의정부시지속가능발전협의회 상설위원회 도시문화위원회 '2019 역량강화 워크숍'이 개최되었습니다. ▶일 시: 2019년 12월 9일(월) 오후6시~ ▶장 소: 의정부지속협 3층 교육장 ▶대 상: 도시문화위원회 위원 및 의정부지속협 소속 위원 ▶내 용...
1,당진 문화동아리 역량강화사업 지원신청 (2019-04-09~2019-04-13)
1,dangjinart.kr/designer/skin/bd/view.html?b_code=noti&b_idx=8203&b_parent=8203&condition=&searchText=&start=&page_no=1 [당진 문화동아리 역량강화사업 지원신청] http://www.arthub.co.kr/sub044/board01_view.htm?No=1629&page=1&sType1=1&sType2=2&sType3=3&sType4=
1,[한국문화예술위원회] 2019 작은미술관 조성 및 운영지원 사업 역량강화 워크숍
1,지역 문화예술발전을 도모하기 위한 작은미술관 사업 담당자 기획자 역량 강화 워크숍! ‘여러분이 계신 곳에서 가장 가까운 미술관은 어디인가요?’ 이 질문의 답은 사람마다 다르겠죠. 대도시에 있는 사람이라면 미술관까지의 거리가 가까울 확률이 높고 사람이 없는 지역에 있을수록...
1,[조직문화] 문화역량(intercultural competency)과 협상
1,몰입하면서 Win-Win을 향해 출발했던 관계는 결국 Lose-Lose 상황으로 치닫게 됩니다. 나의 생각의 틀을 이해하면 그 틀이 깨어지고 다른 사람들을 포용할 수 있는 힘이 생깁니다. 지금 우리에게 필요한 것 서로의 생각과 다름을 존중할 수 있는 문화 역량 (Intercultural Competency) 이 필요합니다.
1,[(재)지역문화진흥원] 2020년 제6차 직원(계약직) 공개채용
1,--[endif]--> (재)지역문화진흥원 직원(계약직) 공개 채용 지역문화진흥원은 지역의 문화가치 창출과 지속적이고 자발적인 문화 역량 증진을 위해 지역문화 및 생활문화 진흥을 위한 사업과 활동을 지원함으로써 국민 모두가 문화적 삶을 누리게 함을 목적으로...
1,디지털 뉴딜 문화콘텐츠산업 전략보고회 _ 콘텐츠 르네상스 시대가 힘있게 펼쳐지길!
1,우리가 가진 디지털 역량과 한류로 대표되는 문화 역량을 결합해 디지털콘텐츠 산업의 경쟁력을 키울 절호의 시점입니다. 사람을 먼저 생각하는 우리의 포용성과 함께 따뜻한 디지털의 시대를 선도할 때입니다. 지금 영화관 콘서트 드라마 제작 등 오프라인 영역에서의 어려움은 계속되고...
1,농촌중심지활성화 지역역량강화사업 문화복지교육 우울증 치매예방교육 이애자강사
1,해보면 농촌중심지활성화사업 지역역량강화사업 문화복지교육 우울증 치매예방교육 해보면 창서마을에서 4회 마무리했습니다 나남네트웍스 공진혁연구원님 강의전 지역역량강화사업에 대해 먼저 설명중이시네요 이애자강사 문화복지교육 치매예방교육을 하는데 불편함 없이 빔 장비...
1,함평 문화관광해설가 역량 키운다
1,함평 문화관광해설가 역량 키운다 - 문화관광 해설가 대상 16개 시도 저명 강사 초빙 교육 - 내년 4월 18일부터 45일간 세계 나비ㆍ곤충 엑스포를 개최하는 함평군이 주요 관광지 안내 역할을 맡고 있는 문화관광 해설가의 역량 강화에 나섰다. 함평군은 2008 세계 나비ㆍ곤충 엑스포를 방문하는...
